cell_id,alt_cell_id,bts_alt_key,bts_market_nm,region_cd
CELL_A,CELL_A_ALT,BTS_SEOUL_01,SAMSUNG,SEOUL
CELL_B,CELL_B_ALT,BTS_BUSAN_01,SAMSUNG,BUSAN
CELL_C,CELL_C_ALT,BTS_DAEGU_01,ERICSSON,DAEGU
CELL_D,CELL_D_ALT,BTS_INCH_01,NOKIA,INCHEON
CELL_E,CELL_E_ALT,BTS_GWNG_01,SAMSUNG,GWANGJU
CELL_F,CELL_F_ALT,BTS_DAEJ_01,ERICSSON,DAEJEON
CELL_G,CELL_G_ALT,BTS_ULSAN_01,SAMSUNG,ULSAN
CELL_H,CELL_H_ALT,BTS_SUWN_01,NOKIA,SUWON
CELL_I,CELL_I_ALT,BTS_JEJU_01,SAMSUNG,JEJU
CELL_J,CELL_J_ALT,BTS_CHNG_01,ERICSSON,CHANGWON
