sgi_id,cell_id,alt_cell_id,rqt_st_dt,etl_date,val,use_flag,signal_type,event_time
SGI001,CELL_A,CELL_A_ALT,20260803124500,20260803,100,Y,SGI,2026-08-03 12:45:00
SGI002,CELL_A,CELL_A_ALT,20260803124530,20260803,200,Y,S1AP,2026-08-03 12:45:30
SGI003,CELL_B,CELL_B_ALT,20260803124510,20260803,150,N,SGI,2026-08-03 12:45:10
SGI004,CELL_B,CELL_B_ALT,20260803124520,20260803,50,Y,S1AP,2026-08-03 12:45:20
SGI005,CELL_C,CELL_C_ALT,20260803124540,20260803,300,Y,SGI,2026-08-03 12:45:40
SGI006,CELL_D,CELL_D_ALT,20260803124505,20260803,80,Y,SGI,2026-08-03 12:45:05
SGI007,CELL_E,CELL_E_ALT,20260803124515,20260803,120,Y,S1AP,2026-08-03 12:45:15
SGI008,CELL_F,CELL_F_ALT,20260803124525,20260803,90,N,SGI,2026-08-03 12:45:25
SGI009,CELL_G,CELL_G_ALT,20260803124535,20260803,210,Y,SGI,2026-08-03 12:45:35
SGI010,CELL_H,CELL_H_ALT,20260803124545,20260803,175,Y,S1AP,2026-08-03 12:45:45
SGI011,CELL_A,CELL_A_ALT,20260803125000,20260803,999,Y,SGI,2026-08-03 12:50:00
SGI012,CELL_I,CELL_I_ALT,20260803124000,20260803,60,Y,SGI,2026-08-03 12:40:00
